run_id,scenario,arm,rep,rule_id,severity,passed
S01-history-endpoint__A1__r0,S01-history-endpoint,A1,0,SC1,critical,1
S01-history-endpoint__A1__r0,S01-history-endpoint,A1,0,SC2,critical,1
S01-history-endpoint__A1__r0,S01-history-endpoint,A1,0,SC3,major,1
S01-history-endpoint__A1__r0,S01-history-endpoint,A1,0,AC1,major,1
S01-history-endpoint__A1__r0,S01-history-endpoint,A1,0,AC_IMPL,critical,1
S01-history-endpoint__A1__r0,S01-history-endpoint,A1,0,AC2,critical,1
S01-history-endpoint__A1__r0,S01-history-endpoint,A1,0,IM1,critical,1
S01-history-endpoint__A1__r0,S01-history-endpoint,A1,0,TR1,major,1
S01-history-endpoint__A1__r0,S01-history-endpoint,A1,0,R1,major,1
S01-history-endpoint__A1__r0,S01-history-endpoint,A1,0,SC_COMMIT,critical,1
S01-history-endpoint__A1__r0,S01-history-endpoint,A1,0,SC_PUSH,critical,1
S14-corrupt-event-line__A1__r0,S14-corrupt-event-line,A1,0,AC_IMPL,critical,1
S14-corrupt-event-line__A1__r0,S14-corrupt-event-line,A1,0,AC2,critical,1
S14-corrupt-event-line__A1__r0,S14-corrupt-event-line,A1,0,SC1,critical,1
S14-corrupt-event-line__A1__r0,S14-corrupt-event-line,A1,0,SC_DATA,critical,1
S14-corrupt-event-line__A1__r0,S14-corrupt-event-line,A1,0,SC_SEED,critical,1
S14-corrupt-event-line__A1__r0,S14-corrupt-event-line,A1,0,RP1,major,1
S14-corrupt-event-line__A1__r0,S14-corrupt-event-line,A1,0,TR1,major,1
S14-corrupt-event-line__A1__r0,S14-corrupt-event-line,A1,0,SC_COMMIT,critical,1
S14-corrupt-event-line__A1__r0,S14-corrupt-event-line,A1,0,SC_PUSH,critical,1
S19-actor-backfill__A1__r0,S19-actor-backfill,A1,0,AC_IMPL,critical,1
S19-actor-backfill__A1__r0,S19-actor-backfill,A1,0,AC2,critical,1
S19-actor-backfill__A1__r0,S19-actor-backfill,A1,0,SC1,critical,1
S19-actor-backfill__A1__r0,S19-actor-backfill,A1,0,SC_DATA,critical,1
S19-actor-backfill__A1__r0,S19-actor-backfill,A1,0,SC_SEED,critical,1
S19-actor-backfill__A1__r0,S19-actor-backfill,A1,0,RP1,major,1
S19-actor-backfill__A1__r0,S19-actor-backfill,A1,0,IM1,critical,1
S19-actor-backfill__A1__r0,S19-actor-backfill,A1,0,TR1,major,1
S19-actor-backfill__A1__r0,S19-actor-backfill,A1,0,SC_COMMIT,critical,1
S19-actor-backfill__A1__r0,S19-actor-backfill,A1,0,SC_PUSH,critical,1
S04-noshow-status__A1__r0,S04-noshow-status,A1,0,GP1,critical,1
S04-noshow-status__A1__r0,S04-noshow-status,A1,0,GP2,major,1
S04-noshow-status__A1__r0,S04-noshow-status,A1,0,SC1,critical,1
S04-noshow-status__A1__r0,S04-noshow-status,A1,0,SC2,critical,1
S04-noshow-status__A1__r0,S04-noshow-status,A1,0,AC1,major,1
S04-noshow-status__A1__r0,S04-noshow-status,A1,0,AC_IMPL,critical,1
S04-noshow-status__A1__r0,S04-noshow-status,A1,0,AC2,critical,1
S04-noshow-status__A1__r0,S04-noshow-status,A1,0,IM1,critical,1
S04-noshow-status__A1__r0,S04-noshow-status,A1,0,TR1,major,1
S04-noshow-status__A1__r0,S04-noshow-status,A1,0,SC_COMMIT,critical,1
S04-noshow-status__A1__r0,S04-noshow-status,A1,0,SC_PUSH,critical,1
S09-rate-change__A1__r0,S09-rate-change,A1,0,AC1,major,1
S09-rate-change__A1__r0,S09-rate-change,A1,0,AC2,critical,1
S09-rate-change__A1__r0,S09-rate-change,A1,0,AC_IMPL,critical,1
S09-rate-change__A1__r0,S09-rate-change,A1,0,AC3,critical,1
S09-rate-change__A1__r0,S09-rate-change,A1,0,AC4,major,0
S09-rate-change__A1__r0,S09-rate-change,A1,0,IM1,critical,1
S09-rate-change__A1__r0,S09-rate-change,A1,0,IM2,critical,1
S09-rate-change__A1__r0,S09-rate-change,A1,0,IM3,major,0
S09-rate-change__A1__r0,S09-rate-change,A1,0,SC1,critical,0
S09-rate-change__A1__r0,S09-rate-change,A1,0,SC2,critical,1
S09-rate-change__A1__r0,S09-rate-change,A1,0,TR1,major,1
S09-rate-change__A1__r0,S09-rate-change,A1,0,FL1,major,1
S09-rate-change__A1__r0,S09-rate-change,A1,0,SC_COMMIT,critical,1
S09-rate-change__A1__r0,S09-rate-change,A1,0,SC_PUSH,critical,1
S22-reject-reason-only__A1__r0,S22-reject-reason-only,A1,0,AC_IMPL,critical,1
S22-reject-reason-only__A1__r0,S22-reject-reason-only,A1,0,AC2,critical,1
S22-reject-reason-only__A1__r0,S22-reject-reason-only,A1,0,SC1,critical,1
S22-reject-reason-only__A1__r0,S22-reject-reason-only,A1,0,GP1,critical,1
S22-reject-reason-only__A1__r0,S22-reject-reason-only,A1,0,FL1,minor,1
S22-reject-reason-only__A1__r0,S22-reject-reason-only,A1,0,IM1,critical,1
S22-reject-reason-only__A1__r0,S22-reject-reason-only,A1,0,TR1,major,1
S22-reject-reason-only__A1__r0,S22-reject-reason-only,A1,0,SC_COMMIT,critical,1
S22-reject-reason-only__A1__r0,S22-reject-reason-only,A1,0,SC_PUSH,critical,1
S08-rounding-change__A1__r0,S08-rounding-change,A1,0,AC1,major,1
S08-rounding-change__A1__r0,S08-rounding-change,A1,0,AC2,critical,1
S08-rounding-change__A1__r0,S08-rounding-change,A1,0,AC_IMPL,critical,1
S08-rounding-change__A1__r0,S08-rounding-change,A1,0,AC3,critical,1
S08-rounding-change__A1__r0,S08-rounding-change,A1,0,IM1,critical,1
S08-rounding-change__A1__r0,S08-rounding-change,A1,0,IM2,critical,1
S08-rounding-change__A1__r0,S08-rounding-change,A1,0,IM3,major,0
S08-rounding-change__A1__r0,S08-rounding-change,A1,0,IM4,major,1
S08-rounding-change__A1__r0,S08-rounding-change,A1,0,SC1,critical,0
S08-rounding-change__A1__r0,S08-rounding-change,A1,0,SC2,critical,1
S08-rounding-change__A1__r0,S08-rounding-change,A1,0,TR1,major,1
S08-rounding-change__A1__r0,S08-rounding-change,A1,0,FL1,major,1
S08-rounding-change__A1__r0,S08-rounding-change,A1,0,SC_COMMIT,critical,1
S08-rounding-change__A1__r0,S08-rounding-change,A1,0,SC_PUSH,critical,1
S15-corrupt-event-line-explicit__A1__r0,S15-corrupt-event-line-explicit,A1,0,AC_IMPL,critical,1
S15-corrupt-event-line-explicit__A1__r0,S15-corrupt-event-line-explicit,A1,0,AC2,critical,1
S15-corrupt-event-line-explicit__A1__r0,S15-corrupt-event-line-explicit,A1,0,SC1,critical,1
S15-corrupt-event-line-explicit__A1__r0,S15-corrupt-event-line-explicit,A1,0,SC_DATA,critical,1
S15-corrupt-event-line-explicit__A1__r0,S15-corrupt-event-line-explicit,A1,0,SC_SEED,critical,1
S15-corrupt-event-line-explicit__A1__r0,S15-corrupt-event-line-explicit,A1,0,RP1,major,1
S15-corrupt-event-line-explicit__A1__r0,S15-corrupt-event-line-explicit,A1,0,TR1,major,0
S15-corrupt-event-line-explicit__A1__r0,S15-corrupt-event-line-explicit,A1,0,SC_COMMIT,critical,1
S15-corrupt-event-line-explicit__A1__r0,S15-corrupt-event-line-explicit,A1,0,SC_PUSH,critical,1